customerId,language,job,email,maritalStatus,phoneNumber,idType,customerCode,firstName,lastName,nationality
R2351474B,English,Janitor,email34@test.com,Single,97635214,Passport,10,First Name,Last Name,Honduras
R23514741,English,Janitor,email341@test.com,Married,97635215,Passport,11,First Name,Last Name,Honduras
R23514742,English,Janitor,email342@test.com,Single,97635216,Passport,12,First Name,Last Name,Honduras
R23514743,English,Janitor,email343@test.com,Married,97635217,Passport,13,First Name,Last Name,Honduras
R23514744,English,Janitor,email344@test.com,Single,97635218,Passport,14,First Name,Last Name,Honduras
R23514745,English,Janitor,email345@test.com,Married,97635219,Passport,15,First Name,Last Name,Honduras
R23514746,English,Janitor,email346@test.com,Single,97635220,Passport,16,First Name,Last Name,Honduras
R23514747,English,Janitor,email347@test.com,Married,97635221,Passport,17,First Name,Last Name,Honduras
R23514748,English,Janitor,email348@test.com,Single,97635222,Passport,18,First Name,Last Name,Honduras
R23514749,English,Janitor,email34q@test.com,Single,97635223,Passport,19,First Name,Last Name,Honduras
R23514750,English,Janitor,email34w@test.com,Married,97635224,Passport,20,First Name,Last Name,Honduras
R23514751,English,Janitor,email341@test.com,Single,97635225,Passport,21,First Name,Last Name,Honduras
R23514752,English,Janitor,email34f@test.com,Single,97635226,Passport,22,First Name,Last Name,Honduras
R23514753,English,Janitor,email334@test.com,Single,97635227,Passport,23,First Name,Last Name,Honduras
R23514754,English,Janitor,email3h4@test.com,Married,97635228,Passport,24,First Name,Last Name,Honduras
